city ward,year,residential accounts,annual residential usage,average residential usage,commercial accounts,annual commercial usage,average commercial usage,total count,total consumption,average consumption
1,2015,8107,2762869.37,340.80,152,4364606.20,28714.51,8259,7127475.57,862.99
2,2015,10335,2830063.13,273.83,239,7855643.68,32868.80,10574,10685706.81,1010.56
3,2015,10596,2275668.79,214.77,100,2689296.69,26892.97,10696,4964965.48,464.19
4,2015,11047,3165556.70,286.55,90,2271925.02,25243.61,11137,5437481.72,488.24
5,2015,14913,3997638.33,268.06,260,5184359.00,19939.84,15173,9181997.33,605.15
6,2015,13187,3415767.09,259.03,180,5879848.87,32665.83,13367,9295615.96,695.42
7,2015,9849,3096197.00,314.37,168,5215835.96,31046.64,10017,8312032.96,829.79
8,2015,4709,1747601.54,371.12,221,7389221.95,33435.39,4930,9136823.49,1853.31
9,2015,8186,2282622.73,278.84,122,2223175.41,18222.75,8308,4505798.14,542.34
10,2015,8867,2830413.73,319.21,157,4711626.10,30010.36,9024,7542039.83,835.78
11,2015,11757,3136939.19,266.81,142,5895132.92,41515.02,11899,9032072.11,759.06
12,2015,9441,2589217.82,274.25,131,2328158.56,17772.20,9572,4917376.38,513.73
13,2015,11944,2771857.60,232.07,72,1683614.29,23383.53,12016,4455471.89,370.79
14,2015,8281,2553100.86,308.31,120,2168462.79,18070.52,8401,4721563.65,562.02
15,2015,11464,3763813.80,328.32,160,3036639.58,18979.00,11624,6800453.38,585.04
16,2015,13332,3869046.74,290.21,92,1384588.11,15049.87,13424,5253634.85,391.36
17,2015,13607,3663548.74,269.24,49,485127.01,9900.55,13656,4148675.75,303.80
18,2015,10044,2993289.19,298.02,72,516765.84,7177.30,10116,3510055.03,346.98
19,2015,11563,3748749.16,324.20,101,2418672.78,23947.26,11664,6167421.94,528.76
20,2015,8359,4462315.25,533.83,403,9846581.48,24433.20,8762,14308896.73,1633.06
21,2015,8953,3072890.36,343.22,115,1648760.65,14337.05,9068,4721651.01,520.69
22,2015,9450,3580006.53,378.84,247,4056759.82,16424.13,9697,7636766.35,787.54
23,2015,11809,2929449.57,248.07,205,6489688.96,31657.02,12014,9419138.53,784.01
24,2015,10661,2521889.92,236.55,139,4236662.70,30479.59,10800,6758552.62,625.79
25,2015,12772,5087109.21,398.30,132,3026223.50,22925.94,12904,8113332.71,628.75
26,2015,5134,1615814.12,314.73,177,5432100.05,30689.83,5311,7047914.17,1327.04
27,2015,5971,3001469.82,502.67,438,12754138.95,29119.04,6409,15755608.77,2458.36
28,2015,4277,1923558.55,449.74,330,9186618.24,27838.24,4607,11110176.79,2411.59
29,2015,11464,2642624.49,230.52,78,1198392.49,15364.01,11542,3841016.98,332.79
30,2015,14441,3822274.04,264.68,83,1191224.67,14352.10,14524,5013498.71,345.19
31,2015,11887,2532289.56,213.03,80,1984586.77,24807.33,11967,4516876.33,377.44
32,2015,15996,3826994.33,239.25,73,1741454.43,23855.54,16069,5568448.76,346.53
33,2015,7074,1677605.39,237.15,144,4152015.32,28833.44,7218,5829620.71,807.65
34,2015,7452,2037535.89,273.42,210,4515148.53,21500.71,7662,6552684.42,855.22
35,2015,11425,2784881.24,243.75,144,3523754.98,24470.52,11569,6308636.22,545.31
36,2015,12058,2561093.68,212.40,97,2302071.48,23732.70,12155,4863165.16,400.10
37,2015,13406,3543638.61,264.33,191,6044468.08,31646.43,13597,9588106.69,705.16
38,2015,10438,2775928.99,265.94,140,4124948.83,29463.92,10578,6900877.82,652.38
39,2015,8602,2782094.40,323.42,100,2827817.60,28278.18,8702,5609912.00,644.67
40,2015,8366,2228162.55,266.34,136,3878277.05,28516.74,8502,6106439.60,718.24
41,2015,13879,4454195.71,320.93,166,4030040.66,24277.35,14045,8484236.37,604.08
42,2015,14927,4817816.40,322.76,111,2591978.92,23351.16,15038,7409795.32,492.74
43,2015,9207,2472472.76,268.54,85,2491893.84,29316.40,9292,4964366.60,534.26
44,2015,16149,4291840.77,265.77,61,1186795.37,19455.66,16210,5478636.14,337.98
1,2014,8111,2870819.53,353.94,153,4406822.05,28802.76,8264,7277641.58,880.64
2,2014,10339,3261922.47,315.50,240,7066660.73,29444.42,10579,10328583.20,976.33
3,2014,10606,2549258.04,240.36,100,2758074.55,27580.75,10706,5307332.59,495.73
4,2014,11052,3159054.65,285.84,91,2038274.00,22398.62,11143,5197328.65,466.42
5,2014,14936,4142971.45,277.38,265,5070501.59,19133.97,15201,9213473.04,606.11
6,2014,13194,3453509.16,261.75,175,5951214.51,34006.94,13369,9404723.67,703.47
7,2014,9852,3292414.50,334.19,168,5742818.14,34183.44,10020,9035232.64,901.72
8,2014,4721,1999144.83,423.46,224,7819299.57,34907.59,4945,9818444.40,1985.53
9,2014,8200,2430063.05,296.35,123,2546271.95,20701.40,8323,4976335.00,597.90
10,2014,8878,2836602.48,319.51,156,4770821.14,30582.19,9034,7607423.62,842.09
11,2014,11752,3139239.60,267.12,143,6357122.58,44455.40,11895,9496362.18,798.35
12,2014,9457,2833248.04,299.59,132,2734565.04,20716.40,9589,5567813.08,580.65
13,2014,11935,3067211.38,256.99,74,1778736.71,24036.98,12009,4845948.09,403.53
14,2014,8257,2955184.57,357.90,123,2444852.22,19876.85,8380,5400036.79,644.40
15,2014,11485,3774332.32,328.63,161,3343750.51,20768.64,11646,7118082.83,611.20
16,2014,13319,3941396.63,295.92,92,1580465.83,17178.98,13411,5521862.46,411.74
17,2014,13562,3700592.80,272.86,52,487729.81,9379.42,13614,4188322.61,307.65
18,2014,10019,3037664.58,303.19,73,1848490.59,25321.79,10092,4886155.17,484.16
19,2014,11527,3851120.35,334.10,99,2620448.33,26469.18,11626,6471568.68,556.65
20,2014,8362,4514234.79,539.85,406,9647357.30,23761.96,8768,14161592.09,1615.15
21,2014,8956,2992975.25,334.19,115,1789364.18,15559.69,9071,4782339.43,527.21
22,2014,9434,3538709.07,375.10,248,4013974.91,16185.38,9682,7552683.98,780.07
23,2014,11824,3230036.60,273.18,207,6620659.03,31983.86,12031,9850695.63,818.78
24,2014,10668,2906053.05,272.41,141,3964116.57,28114.30,10809,6870169.62,635.60
25,2014,12748,4780862.19,375.03,137,2853740.72,20830.22,12885,7634602.91,592.52
26,2014,5151,1596229.59,309.89,176,5578272.72,31694.73,5327,7174502.31,1346.82
27,2014,5958,3334266.01,559.63,439,12964272.49,29531.37,6397,16298538.50,2547.84
28,2014,4349,1982724.31,455.90,333,10751940.04,32288.11,4682,12734664.35,2719.92
29,2014,11455,2682561.20,234.18,76,1036980.30,13644.48,11531,3719541.50,322.57
30,2014,14370,3844009.64,267.50,86,1266524.41,14727.03,14456,5110534.05,353.52
31,2014,11894,2686449.82,225.87,82,2068286.77,25223.01,11976,4754736.59,397.02
32,2014,15929,3885969.75,243.96,74,1879858.63,25403.50,16003,5765828.38,360.30
33,2014,7086,1812937.88,255.85,146,4218752.32,28895.56,7232,6031690.20,834.03
34,2014,7467,2038575.64,273.01,211,4915958.41,23298.38,7678,6954534.05,905.77
35,2014,11455,3057982.92,266.96,146,3800527.19,26031.01,11601,6858510.11,591.20
36,2014,12096,2853186.92,235.88,95,2292810.82,24134.85,12191,5145997.74,422.11
37,2014,13430,3580402.66,266.60,192,6618300.56,34470.32,13622,10198703.22,748.69
38,2014,10455,2824858.44,270.19,139,4388345.10,31570.83,10594,7213203.54,680.88
39,2014,8603,2816056.82,327.33,99,3159467.18,31913.81,8702,5975524.00,686.68
40,2014,8376,2552539.80,304.74,136,3634348.23,26723.15,8512,6186888.03,726.84
41,2014,13894,4643999.28,334.24,167,4102491.37,24565.82,14061,8746490.65,622.04
42,2014,14927,5115762.84,342.72,110,2684946.34,24408.60,15037,7800709.18,518.77
43,2014,9218,2527135.77,274.15,86,2484159.44,28885.57,9304,5011295.21,538.62
44,2014,16166,4337272.53,268.30,61,1168826.21,19161.09,16227,5506098.74,339.32
1,2013,8094,2915286.25,360.18,162,4702237.33,29026.16,8256,7617523.58,922.67
2,2013,10327,3290050.93,318.59,258,8339901.19,32325.20,10585,11629952.12,1098.72
3,2013,10612,2537828.03,239.15,103,2861277.43,27779.39,10715,5399105.46,503.88
4,2013,11080,3202393.50,289.02,93,2395270.74,25755.60,11173,5597664.24,501.00
5,2013,14968,3988364.93,266.46,270,5469170.08,20256.19,15238,9457535.01,620.65
6,2013,13139,3536042.82,269.13,182,5780240.82,31759.56,13321,9316283.64,699.37
7,2013,9817,3244589.28,330.51,185,6114678.87,33052.32,10002,9359268.15,935.74
8,2013,4722,2150795.08,455.48,236,9005959.22,38160.84,4958,11156754.30,2250.25
9,2013,8204,2406044.96,293.28,124,2630413.68,21213.01,8328,5036458.64,604.76
10,2013,8924,3195052.68,358.03,155,5099808.65,32901.99,9079,8294861.33,913.63
11,2013,11584,3154674.51,272.33,142,5678799.68,39991.55,11726,8833474.19,753.32
12,2013,9458,2744287.32,290.16,139,2877014.53,20697.95,9597,5621301.85,585.74
13,2013,11804,3073108.46,260.34,75,1916366.05,25551.55,11879,4989474.51,420.02
14,2013,8045,3020929.10,375.50,127,1830755.50,14415.40,8172,4851684.60,593.70
15,2013,11519,4090400.66,355.10,167,3106578.61,18602.27,11686,7196979.27,615.86
16,2013,13228,3867487.59,292.37,95,1503362.64,15824.87,13323,5370850.23,403.13
17,2013,13290,3776549.44,284.16,52,481054.60,9251.05,13342,4257604.04,319.11
18,2013,9913,3120217.51,314.76,69,1852854.09,26852.96,9982,4973071.60,498.20
19,2013,11291,3850988.89,341.07,99,2584904.31,26110.14,11390,6435893.20,565.05
20,2013,8261,4491422.93,543.69,409,9679532.76,23666.34,8670,14170955.69,1634.48
21,2013,8871,3165260.75,356.81,123,1601589.98,13021.06,8994,4766850.73,530.00
22,2013,9269,3587598.23,387.05,250,3766937.67,15067.75,9519,7354535.90,772.62
23,2013,11981,3511819.35,293.12,204,7261194.07,35594.09,12185,10773013.42,884.12
24,2013,10715,3041212.12,283.83,144,4649250.63,32286.46,10859,7690462.75,708.21
25,2013,12697,5157985.28,406.24,140,2768870.95,19777.65,12837,7926856.23,617.50
26,2013,5162,1633147.37,316.38,187,6516803.81,34849.22,5349,8149951.18,1523.64
27,2013,5792,3374724.16,582.65,440,13329474.94,30294.26,6232,16704199.10,2680.39
28,2013,4311,1955311.56,453.56,326,11261758.98,34545.27,4637,13217070.54,2850.35
29,2013,11370,2722649.73,239.46,76,1156285.42,15214.28,11446,3878935.15,338.89
30,2013,13578,3667467.62,270.10,89,1540571.57,17309.79,13667,5208039.19,381.07
31,2013,11871,2680136.90,225.77,87,2224633.42,25570.50,11958,4904770.32,410.17
32,2013,15209,3681610.77,242.07,76,1229958.40,16183.66,15285,4911569.17,321.33
33,2013,7089,1775903.28,250.52,145,4535310.96,31278.01,7234,6311214.24,872.44
34,2013,7477,2132594.26,285.22,222,4264000.82,19207.21,7699,6396595.08,830.83
35,2013,11405,3161431.95,277.20,148,4309753.21,29119.95,11553,7471185.16,646.69
36,2013,12098,3025970.52,250.12,95,2331247.48,24539.45,12193,5357218.00,439.37
37,2013,13362,3575641.47,267.60,200,6949863.68,34749.32,13562,10525505.15,776.10
38,2013,10424,2806501.24,269.23,141,4348109.29,30837.65,10565,7154610.53,677.20
39,2013,8572,2740476.33,319.70,99,3120141.71,31516.58,8671,5860618.04,675.89
40,2013,8359,2597442.92,310.74,137,3683461.79,26886.58,8496,6280904.71,739.28
41,2013,13850,4415064.90,318.78,175,4038659.50,23078.05,14025,8453724.40,602.76
42,2013,14888,5235015.32,351.63,114,2830780.08,24831.40,15002,8065795.40,537.65
43,2013,9195,2556378.67,278.02,87,2663193.42,30611.42,9282,5219572.09,562.33
44,2013,16144,4426599.28,274.19,60,1002745.35,16712.42,16204,5429344.63,335.06
1,2012,8092,3107607.73,384.03,161,4544977.79,28229.68,8253,7652585.52,927.25
2,2012,10278,3484083.24,338.98,258,8222665.12,31870.80,10536,11706748.36,1111.12
3,2012,10601,2789582.70,263.14,103,2835782.80,27531.87,10704,5625365.50,525.54
4,2012,11074,3542190.66,319.87,93,1782965.88,19171.68,11167,5325156.54,476.87
5,2012,14941,4515025.76,302.19,269,5232528.72,19451.78,15210,9747554.48,640.86
6,2012,13136,3692715.97,281.11,184,6136288.81,33349.40,13320,9829004.78,737.91
7,2012,9722,3174235.22,326.50,184,5560836.96,30221.94,9906,8735072.18,881.80
8,2012,4695,2000047.56,426.00,238,5005626.77,21032.05,4933,7005674.33,1420.17
9,2012,8203,2346052.66,286.00,125,2398799.84,19190.40,8328,4744852.50,569.75
10,2012,8900,2766313.99,310.82,156,4651094.22,29814.71,9056,7417408.21,819.06
11,2012,11466,3193509.73,278.52,143,5705262.26,39896.94,11609,8898771.99,766.54
12,2012,9443,2855041.89,302.34,140,2738380.47,19559.86,9583,5593422.36,583.68
13,2012,11745,3176200.61,270.43,74,1377827.71,18619.29,11819,4554028.32,385.31
14,2012,7994,2993999.70,374.53,126,1378776.92,10942.67,8120,4372776.62,538.52
15,2012,11492,3874558.20,337.15,167,3026163.28,18120.74,11659,6900721.48,591.88
16,2012,12984,4073689.64,313.75,96,1773134.72,18470.15,13080,5846824.36,447.00
17,2012,12973,3248634.51,250.42,52,500593.08,9626.79,13025,3749227.59,287.85
18,2012,9879,3141112.38,317.96,69,1624911.27,23549.44,9948,4766023.65,479.09
19,2012,11037,3844422.40,348.32,101,2829184.51,28011.73,11138,6673606.91,599.17
20,2012,8215,4565603.80,555.76,408,7942928.55,19467.96,8623,12508532.35,1450.60
21,2012,8343,2788952.72,334.29,122,1372664.95,11251.35,8465,4161617.67,491.63
22,2012,8993,3256326.96,362.10,252,4510003.24,17896.84,9245,7766330.20,840.06
23,2012,11926,3240600.20,271.73,202,6530276.74,32328.10,12128,9770876.94,805.65
24,2012,10691,3075399.51,287.66,146,3312979.10,22691.64,10837,6388378.61,589.50
25,2012,11266,4980473.34,442.08,142,3063273.66,21572.35,11408,8043747.00,705.10
26,2012,5132,1622645.19,316.18,190,3781231.11,19901.22,5322,5403876.30,1015.38
27,2012,5505,3095182.74,562.25,445,13413718.12,30143.19,5950,16508900.86,2774.61
28,2012,4308,2007174.55,465.92,327,11403565.38,34873.29,4635,13410739.93,2893.36
29,2012,11113,2490481.16,224.11,77,1050491.16,13642.74,11190,3540972.32,316.44
30,2012,11118,2506346.00,225.43,88,1437946.87,16340.31,11206,3944292.87,351.98
31,2012,11044,2517271.30,227.93,87,1341616.20,15420.88,11131,3858887.50,346.68
32,2012,10383,2392602.06,230.43,76,1055075.96,13882.58,10459,3447678.02,329.64
33,2012,7082,1958632.18,276.56,145,2529788.13,17446.81,7227,4488420.31,621.06
34,2012,7452,2257386.51,302.92,223,4816056.53,21596.67,7675,7073443.04,921.62
35,2012,11242,3162691.94,281.33,149,3028378.29,20324.69,11391,6191070.23,543.51
36,2012,12068,3026084.25,250.75,95,2017922.46,21241.29,12163,5044006.71,414.70
37,2012,13236,3685559.21,278.45,201,6742138.23,33542.98,13437,10427697.44,776.04
38,2012,10414,2892144.08,277.72,142,2447348.40,17234.85,10556,5339492.48,505.83
39,2012,8589,2972098.22,346.04,99,2666756.16,26936.93,8688,5638854.38,649.04
40,2012,8357,2690777.65,321.98,140,3344159.12,23886.85,8497,6034936.77,710.24
41,2012,13788,4673977.53,338.99,174,5037284.83,28949.91,13962,9711262.36,695.55
42,2012,14855,5215687.79,351.11,114,2321425.02,20363.38,14969,7537112.81,503.51
43,2012,9177,2564789.37,279.48,86,2757652.28,32065.72,9263,5322441.65,574.59
44,2012,16096,4457430.44,276.93,61,1331217.03,21823.23,16157,5788647.47,358.27
1,2011,8088,3090655.25,382.13,161,4952311.05,30759.70,8249,8042966.30,975.02
2,2011,10206,3465504.64,339.56,261,10123879.09,38788.81,10467,13589383.73,1298.31
3,2011,10612,2766818.24,260.73,105,2972594.43,28310.42,10717,5739412.67,535.54
4,2011,11091,3469013.63,312.78,94,2507894.36,26679.73,11185,5976907.99,534.37
5,2011,14962,4440151.84,296.76,269,5556831.20,20657.37,15231,9996983.04,656.36
6,2011,11994,3512220.57,292.83,181,5433290.71,30018.18,12175,8945511.28,734.74
7,2011,9609,3220543.74,335.16,183,5862079.52,32033.22,9792,9082623.26,927.56
8,2011,4636,1898309.03,409.47,234,7118004.60,30418.82,4870,9016313.63,1851.40
9,2011,8068,2317664.97,287.27,123,2440799.54,19843.90,8191,4758464.51,580.94
10,2011,8830,2781071.20,314.96,150,5464141.52,36427.61,8980,8245212.72,918.18
11,2011,11453,3311882.61,289.17,139,6681217.23,48066.31,11592,9993099.84,862.07
12,2011,9322,2870889.44,307.97,143,2938566.26,20549.41,9465,5809455.70,613.78
13,2011,11162,2689631.83,240.96,75,2148338.57,28644.51,11237,4837970.40,430.54
14,2011,7326,2305384.28,314.69,123,2347397.55,19084.53,7449,4652781.83,624.62
15,2011,11523,4011380.78,348.12,168,3527877.18,20999.27,11691,7539257.96,644.88
16,2011,9737,3311750.45,340.12,96,1595363.63,16618.37,9833,4907114.08,499.05
17,2011,7799,2509542.42,321.78,48,454613.28,9471.11,7847,2964155.70,377.74
18,2011,9417,2949343.92,313.19,60,1834362.87,30572.71,9477,4783706.79,504.77
19,2011,9602,2730473.86,284.37,83,2884223.17,34749.68,9685,5614697.03,579.73
20,2011,7799,4092593.71,524.76,426,9493108.88,22284.29,8225,13585702.59,1651.76
21,2011,7484,2885808.55,385.60,120,1797626.94,14980.22,7604,4683435.49,615.92
22,2011,5469,2769399.82,506.38,249,3685656.81,14801.83,5718,6455056.63,1128.90
23,2011,11860,3162043.51,266.61,195,6803226.17,34888.34,12055,9965269.68,826.65
24,2011,10662,3053270.36,286.37,137,4201101.11,30664.97,10799,7254371.47,671.76
25,2011,11296,4750374.30,420.54,144,3081068.89,21396.31,11440,7831443.19,684.57
26,2011,5149,1613814.27,313.42,191,5332935.34,27921.13,5340,6946749.61,1300.89
27,2011,4172,2945434.23,706.00,435,11638909.91,26756.11,4607,14584344.14,3165.69
28,2011,4230,1877964.11,443.96,334,10264351.39,30731.59,4564,12142315.50,2660.45
29,2011,9562,2448079.34,256.02,76,1156501.20,15217.12,9638,3604580.54,374.00
30,2011,5493,2159065.43,393.06,81,1686156.81,20816.75,5574,3845222.24,689.85
31,2011,11010,2646118.41,240.34,87,2820071.10,32414.61,11097,5466189.51,492.58
32,2011,7417,2462960.81,332.07,75,1238573.90,16514.32,7492,3701534.71,494.06
33,2011,7033,1953083.15,277.70,145,3925038.28,27069.23,7178,5878121.43,818.91
34,2011,7415,2184813.84,294.65,221,5497493.85,24875.54,7636,7682307.69,1006.06
35,2011,11212,3246689.06,289.57,145,3657291.62,25222.70,11357,6903980.68,607.91
36,2011,12041,3137535.41,260.57,94,2204450.78,23451.60,12135,5341986.19,440.21
37,2011,13229,3813636.86,288.28,202,7325678.69,36265.74,13431,11139315.55,829.37
38,2011,10413,2947937.57,283.10,140,4465997.48,31899.98,10553,7413935.05,702.54
39,2011,8597,3050736.94,354.86,98,3211618.15,32771.61,8695,6262355.09,720.22
40,2011,8358,2710859.71,324.34,135,3776174.10,27971.66,8493,6487033.81,763.81
41,2011,13793,4859773.77,352.34,172,4253636.52,24730.44,13965,9113410.29,652.59
42,2011,14791,5376800.13,363.52,110,2835746.64,25779.51,14901,8212546.77,551.14
43,2011,9146,2648764.54,289.61,87,2627798.82,30204.58,9233,5276563.36,571.49
44,2011,15949,4654663.19,291.85,60,1151847.62,19197.46,16009,5806510.81,362.70
1,2010,8084,3114735.76,385.30,159,4864762.05,30595.99,8243,7979497.81,968.03
2,2010,10197,3488812.40,342.14,262,8539646.07,32594.07,10459,12028458.47,1150.06
3,2010,10612,2793460.63,263.24,104,2902727.42,27910.84,10716,5696188.05,531.56
4,2010,11092,3505396.74,316.03,93,2508722.90,26975.52,11185,6014119.64,537.70
5,2010,14950,4478140.16,299.54,264,5704386.12,21607.52,15214,10182526.28,669.29
6,2010,11860,3556314.67,299.86,177,5202250.24,29391.24,12037,8758564.91,727.64
7,2010,9140,3053172.07,334.05,182,4509246.98,24776.08,9322,7562419.05,811.24
8,2010,4561,1782040.86,390.71,235,6205700.50,26407.24,4796,7987741.36,1665.50
9,2010,7979,2255633.46,282.70,121,2467262.31,20390.60,8100,4722895.77,583.07
10,2010,8719,2670063.63,306.24,150,5563704.65,37091.36,8869,8233768.28,928.38
11,2010,11440,3260425.89,285.00,139,5507551.15,39622.67,11579,8767977.04,757.23
12,2010,9315,2743036.67,294.48,142,2869384.36,20206.93,9457,5612421.03,593.47
13,2010,9097,2432804.31,267.43,75,1717283.21,22897.11,9172,4150087.52,452.47
14,2010,4375,2060426.72,470.95,122,2437969.88,19983.36,4497,4498396.60,1000.31
15,2010,11408,3827432.25,335.50,168,3670588.24,21848.74,11576,7498020.49,647.72
16,2010,9709,3165134.93,326.00,94,1651865.74,17573.04,9803,4817000.67,491.38
17,2010,7755,2480249.87,319.83,46,482847.15,10496.68,7801,2963097.02,379.84
18,2010,6086,1561831.54,256.63,62,1372103.84,22130.71,6148,2933935.38,477.22
19,2010,4919,2198699.72,446.98,79,2752373.72,34840.17,4998,4951073.44,990.61
20,2010,5124,3524124.07,687.77,423,11724874.21,27718.38,5547,15248998.28,2749.05
21,2010,7475,2858118.09,382.36,119,1883316.34,15826.19,7594,4741434.43,624.37
22,2010,5421,2687024.70,495.67,249,4145683.57,16649.33,5670,6832708.27,1205.06
23,2010,11838,3077786.81,259.99,195,6856806.39,35163.11,12033,9934593.20,825.61
24,2010,10642,2809766.05,264.03,135,4123091.39,30541.42,10777,6932857.44,643.30
25,2010,11201,4446944.91,397.01,143,3280360.65,22939.58,11344,7727305.56,681.18
26,2010,5157,1574459.79,305.31,188,6969786.26,37073.33,5345,8544246.05,1598.55
27,2010,4138,2708387.37,654.52,430,14299934.86,33255.66,4568,17008322.23,3723.36
28,2010,2511,1480234.39,589.50,332,11568035.02,34843.48,2843,13048269.41,4589.61
29,2010,9529,2336108.18,245.16,77,1224065.33,15896.95,9606,3560173.51,370.62
30,2010,5429,2059291.19,379.31,82,1580411.84,19273.32,5511,3639703.03,660.44
31,2010,11035,2644509.63,239.65,88,2627899.33,29862.49,11123,5272408.96,474.01
32,2010,7307,2341036.32,320.38,75,1430110.92,19068.15,7382,3771147.24,510.86
33,2010,6921,1790705.87,258.74,144,4295114.71,29827.19,7065,6085820.58,861.40
34,2010,7327,1967771.43,268.56,222,5369060.76,24184.96,7549,7336832.19,971.89
35,2010,11222,3197461.76,284.93,147,3664081.24,24925.72,11369,6861543.00,603.53
36,2010,12004,3049966.15,254.08,94,2368943.47,25201.53,12098,5418909.62,447.92
37,2010,13242,3760264.57,283.97,201,7673285.04,38175.55,13443,11433549.61,850.52
38,2010,10418,2948299.02,283.00,140,4692968.78,33521.21,10558,7641267.80,723.74
39,2010,8591,3142838.44,365.83,98,3439803.19,35100.03,8689,6582641.63,757.58
40,2010,8363,2770840.75,331.32,132,3836837.93,29066.95,8495,6607678.68,777.83
41,2010,13798,4897552.08,354.95,172,4451056.23,25878.23,13970,9348608.31,669.19
42,2010,14760,5223239.46,353.88,109,2933628.21,26914.02,14869,8156867.67,548.58
43,2010,9158,2599467.18,283.85,87,2932875.78,33711.22,9245,5532342.96,598.41
44,2010,15921,4544116.24,285.42,61,1211213.87,19855.97,15982,5755330.11,360.11
1,2009,8083,3220354.83,398.41,160,5100812.56,31880.08,8243,8321167.39,1009.48
2,2009,10202,3599305.52,352.80,261,8048941.81,30838.86,10463,11648247.33,1113.28
3,2009,10600,2766910.96,261.03,103,3085931.00,29960.50,10703,5852841.96,546.84
4,2009,11091,3479597.57,313.73,93,2457334.12,26422.95,11184,5936931.69,530.84
5,2009,14960,4412138.38,294.93,261,6067889.60,23248.62,15221,10480027.98,688.52
6,2009,11818,3516497.49,297.55,180,6215221.49,34529.01,11998,9731718.98,811.11
7,2009,9280,3075972.97,331.46,180,7528582.75,41825.46,9460,10604555.72,1120.99
8,2009,4589,1761755.38,383.91,234,6668962.50,28499.84,4823,8430717.88,1748.02
9,2009,8179,2379642.34,290.95,121,2322809.21,19196.77,8300,4702451.55,566.56
10,2009,8931,2763279.71,309.40,151,7291081.31,48285.31,9082,10054361.02,1107.06
11,2009,11418,3190977.80,279.47,138,7214119.75,52276.23,11556,10405097.55,900.41
12,2009,9425,2777310.07,294.67,142,2877639.41,20265.07,9567,5654949.48,591.09
13,2009,9025,2507811.29,277.87,75,1955454.68,26072.73,9100,4463265.97,490.47
14,2009,4284,2007599.93,468.63,121,2492352.80,20597.96,4405,4499952.73,1021.56
15,2009,11516,3902026.79,338.84,169,3539522.05,20943.92,11685,7441548.84,636.85
16,2009,9594,3181905.65,331.66,94,1637211.31,17417.14,9688,4819116.96,497.43
17,2009,7680,2487712.21,323.92,46,500788.24,10886.70,7726,2988500.45,386.81
18,2009,3655,1512132.99,413.72,61,2237899.83,36686.88,3716,3750032.82,1009.16
19,2009,4789,2186600.06,456.59,77,2231344.69,28978.50,4866,4417944.75,907.92
20,2009,5060,3626836.86,716.77,424,10406434.36,24543.48,5484,14033271.22,2558.95
21,2009,7445,2858300.02,383.92,119,1944675.45,16341.81,7564,4802975.47,634.98
22,2009,5342,2773041.26,519.10,244,4304037.62,17639.50,5586,7077078.88,1266.93
23,2009,12021,3183363.20,264.82,187,7515732.71,40191.08,12208,10699095.91,876.40
24,2009,10708,3002683.28,280.41,132,3917234.17,29676.02,10840,6919917.45,638.37
25,2009,11260,4573883.99,406.21,144,2805065.20,19479.62,11404,7378949.19,647.05
26,2009,5168,1613701.18,312.25,183,6328415.85,34581.51,5351,7942117.03,1484.23
27,2009,4097,2803784.97,684.35,427,13380123.12,31335.18,4524,16183908.09,3577.34
28,2009,2485,1549192.30,623.42,327,12305517.80,37631.55,2812,13854710.10,4927.00
29,2009,9515,2366740.47,248.74,78,1099241.10,14092.83,9593,3465981.57,361.30
30,2009,5284,2152639.32,407.39,85,1685612.14,19830.73,5369,3838251.46,714.89
31,2009,11029,2652913.64,240.54,88,2622372.71,29799.69,11117,5275286.35,474.52
32,2009,7105,2335745.45,328.75,75,1839511.86,24526.82,7180,4175257.31,581.51
33,2009,7007,1864971.76,266.16,141,4526578.14,32103.39,7148,6391549.90,894.17
34,2009,7351,1978640.90,269.17,222,5583725.26,25151.92,7573,7562366.16,998.60
35,2009,11119,3142942.74,282.66,146,3904485.75,26743.05,11265,7047428.49,625.60
36,2009,11893,3013431.36,253.38,94,2183331.35,23226.93,11987,5196762.71,433.53
37,2009,13236,3803108.64,287.33,200,8370704.57,41853.52,13436,12173813.21,906.06
38,2009,10412,2986020.24,286.79,139,4846453.40,34866.57,10551,7832473.64,742.34
39,2009,8580,3286831.91,383.08,97,3284810.58,33864.03,8677,6571642.49,757.36
40,2009,8343,2793625.70,334.85,134,4014196.30,29956.69,8477,6807822.00,803.09
41,2009,13792,5101075.04,369.86,172,5808281.19,33769.08,13964,10909356.23,781.25
42,2009,14729,5339646.62,362.53,106,3291205.66,31049.11,14835,8630852.28,581.79
43,2009,9129,2568079.95,281.31,86,3066108.60,35652.43,9215,5634188.55,611.41
44,2009,15716,4432825.14,282.06,60,1515406.61,25256.78,15776,5948231.75,377.04
1,2008,8088,3209752.93,396.85,166,5033804.44,30324.12,8254,8243557.37,998.73
2,2008,10199,3573001.57,350.33,263,9746425.75,37058.65,10462,13319427.32,1273.12
3,2008,10604,2711342.05,255.69,108,2788791.98,25822.15,10712,5500134.03,513.46
4,2008,11076,3312939.15,299.11,94,2484746.63,26433.47,11170,5797685.78,519.04
5,2008,14918,4459282.23,298.92,269,5771140.39,21454.05,15187,10230422.62,673.63
6,2008,11813,3580460.39,303.09,187,6197639.76,33142.46,12000,9778100.15,814.84
7,2008,9288,3453453.76,371.82,187,4421017.55,23641.81,9475,7874471.31,831.08
8,2008,4482,1850811.14,412.94,246,6572170.59,26716.14,4728,8422981.73,1781.51
9,2008,8192,2574385.76,314.26,122,2198978.67,18024.42,8314,4773364.43,574.14
10,2008,8935,2979434.14,333.46,158,5077478.33,32135.94,9093,8056912.47,886.06
11,2008,11397,3472763.96,304.71,145,5315792.20,36660.64,11542,8788556.16,761.44
12,2008,9427,2984707.75,316.61,146,3157193.71,21624.61,9573,6141901.46,641.59
13,2008,8973,2616145.16,291.56,72,1816470.33,25228.75,9045,4432615.49,490.06
14,2008,4209,2157130.30,512.50,125,2574544.51,20596.36,4334,4731674.81,1091.76
15,2008,11513,4149143.36,360.39,176,3557676.06,20214.07,11689,7706819.42,659.32
16,2008,9493,3274456.31,344.93,98,1523666.86,15547.62,9591,4798123.17,500.27
17,2008,7594,2624564.40,345.61,50,566033.27,11320.67,7644,3190597.67,417.40
18,2008,3600,1601051.67,444.74,69,1497082.79,21696.85,3669,3098134.46,844.41
19,2008,4690,2262946.18,482.50,80,3599264.50,44990.81,4770,5862210.68,1228.97
20,2008,4973,3658747.93,735.72,424,11993425.19,28286.38,5397,15652173.12,2900.16
21,2008,7428,3042022.30,409.53,119,1991504.36,16735.33,7547,5033526.66,666.96
22,2008,5247,2869492.59,546.88,247,4395242.72,17794.50,5494,7264735.31,1322.30
23,2008,12031,3384112.86,281.28,188,5576123.18,29660.23,12219,8960236.04,733.30
24,2008,10699,3178250.71,297.06,139,4123202.96,29663.33,10838,7301453.67,673.69
25,2008,11200,4851323.76,433.15,151,3265728.78,21627.34,11351,8117052.54,715.10
26,2008,5160,1653943.26,320.53,191,5114143.95,26775.62,5351,6768087.21,1264.83
27,2008,4060,2869695.44,706.82,436,13348330.19,30615.44,4496,16218025.63,3607.21
28,2008,2438,1572673.29,645.07,346,12899807.55,37282.68,2784,14472480.84,5198.45
29,2008,9426,2435965.89,258.43,79,1132951.77,14341.16,9505,3568917.66,375.48
30,2008,5101,2157968.34,423.05,90,2302637.07,25584.86,5191,4460605.41,859.30
31,2008,11017,2762348.28,250.74,93,2704546.06,29081.14,11110,5466894.34,492.07
32,2008,6973,2496014.97,357.95,83,1907846.84,22986.11,7056,4403861.81,624.13
33,2008,7019,2057999.75,293.20,145,4554121.18,31407.73,7164,6612120.93,922.96
34,2008,7408,2294020.30,309.67,225,5202317.52,23121.41,7633,7496337.82,982.10
35,2008,10843,3158234.04,291.27,148,3795778.33,25647.15,10991,6954012.37,632.70
36,2008,11807,3047122.01,258.08,98,2344564.50,23924.13,11905,5391686.51,452.89
37,2008,13236,3915191.76,295.80,202,5768010.19,28554.51,13438,9683201.95,720.58
38,2008,10407,3086344.97,296.56,140,4634021.81,33100.16,10547,7720366.78,732.00
39,2008,8570,3305371.92,385.69,115,3527805.30,30676.57,8685,6833177.22,786.78
40,2008,8345,2951439.47,353.68,134,3971027.26,29634.53,8479,6922466.73,816.42
41,2008,13743,5037970.46,366.58,171,3697977.24,21625.60,13914,8735947.70,627.85
42,2008,14563,5297817.71,363.79,110,2675193.67,24319.94,14673,7973011.38,543.38
43,2008,9092,2702273.83,297.21,88,2586191.42,29388.54,9180,5288465.25,576.09
44,2008,15631,4566535.54,292.15,65,1074217.60,16526.42,15696,5640753.14,359.38
1,2007,8083,3546375.47,438.74,151,5206018.11,34476.94,8234,8752393.58,1062.96
2,2007,10190,4159323.83,408.18,231,9952219.17,43083.20,10421,14111543.00,1354.14
3,2007,10568,3225608.21,305.22,99,3065332.13,30962.95,10667,6290940.34,589.76
4,2007,11009,3966224.42,360.27,90,2641616.54,29351.29,11099,6607840.96,595.35
5,2007,14864,5144932.34,346.13,254,5523292.52,21745.25,15118,10668224.86,705.66
6,2007,11729,3918077.42,334.05,166,5638225.21,33965.21,11895,9556302.63,803.39
7,2007,9243,3736032.80,404.20,159,4783181.41,30082.90,9402,8519214.21,906.11
8,2007,4349,1983664.96,456.12,227,7084490.26,31209.21,4576,9068155.22,1981.68
9,2007,8188,2661475.50,325.05,117,2358212.32,20155.66,8305,5019687.82,604.42
10,2007,8867,3111517.15,350.91,149,4765830.26,31985.44,9016,7877347.41,873.71
11,2007,11316,3642548.41,321.89,141,6374497.58,45209.20,11457,10017045.99,874.32
12,2007,9379,3163778.91,337.33,136,2969697.71,21836.01,9515,6133476.62,644.61
13,2007,8864,2764048.06,311.83,70,1698104.37,24258.63,8934,4462152.43,499.46
14,2007,4104,2159479.33,526.19,120,2688218.91,22401.82,4224,4847698.24,1147.66
15,2007,11456,4294654.42,374.88,159,3899061.36,24522.40,11615,8193715.78,705.44
16,2007,9142,3443987.73,376.72,93,1786485.96,19209.53,9235,5230473.69,566.38
17,2007,7464,2691697.60,360.62,47,523104.56,11129.88,7511,3214802.16,428.01
18,2007,3496,1656265.91,473.76,65,1822198.80,28033.83,3561,3478464.71,976.82
19,2007,4536,2211079.10,487.45,79,2077262.16,26294.46,4615,4288341.26,929.22
20,2007,4925,4005322.77,813.26,369,9321359.94,25261.14,5294,13326682.71,2517.32
21,2007,7347,3150119.55,428.76,119,2092131.89,17580.94,7466,5242251.44,702.15
22,2007,5119,2863516.46,559.39,241,4455688.49,18488.33,5360,7319204.95,1365.52
23,2007,11718,3514220.58,299.90,181,6607714.18,36506.71,11899,10121934.76,850.65
24,2007,10640,3475605.60,326.65,128,4314500.46,33707.03,10768,7790106.06,723.45
25,2007,11024,5359154.52,486.14,135,3240014.77,24000.11,11159,8599169.29,770.60
26,2007,5127,1814956.40,354.00,174,5241185.36,30121.75,5301,7056141.76,1331.10
27,2007,4001,3058888.43,764.53,419,13686206.40,32663.98,4420,16745094.83,3788.48
28,2007,2416,1691757.09,700.23,309,11953252.93,38683.67,2725,13645010.02,5007.34
29,2007,9376,2619640.98,279.40,78,1334799.04,17112.81,9454,3954440.02,418.28
30,2007,4933,2224763.28,451.00,80,2220183.43,27752.29,5013,4444946.71,886.68
31,2007,10926,2877164.35,263.33,85,2382655.61,28031.24,11011,5259819.96,477.69
32,2007,6833,2497255.74,365.47,74,1672932.51,22607.20,6907,4170188.25,603.76
33,2007,7016,2203778.18,314.11,140,4504735.45,32176.68,7156,6708513.63,937.47
34,2007,7403,2440516.47,329.67,217,5453199.90,25129.95,7620,7893716.37,1035.92
35,2007,10410,3149855.55,302.58,147,4191598.50,28514.28,10557,7341454.05,695.41
36,2007,11755,3339865.03,284.12,94,2439765.66,25954.95,11849,5779630.69,487.77
37,2007,13241,4188172.51,316.30,194,7898445.21,40713.64,13435,12086617.72,899.64
38,2007,10426,3291718.62,315.72,132,4664703.00,35338.66,10558,7956421.62,753.59
39,2007,8576,3441356.14,401.28,96,3522945.86,36697.35,8672,6964302.00,803.08
40,2007,8351,3122274.46,373.88,137,4128783.83,30137.11,8488,7251058.29,854.27
41,2007,13742,5402686.34,393.15,157,4212536.30,26831.44,13899,9615222.64,691.79
42,2007,14489,5723164.20,395.00,101,3052576.01,30223.52,14590,8775740.21,601.49
43,2007,9063,2930616.46,323.36,86,2775689.08,32275.45,9149,5706305.54,623.71
44,2007,15518,4977195.32,320.74,57,1265803.43,22207.08,15575,6242998.75,400.83
1,2006,8078,3316288.59,410.53,157,5269944.85,33566.53,8235,8586233.44,1042.65
2,2006,10153,3764956.25,370.82,251,9524836.86,37947.56,10404,13289793.11,1277.37
3,2006,10540,3082409.37,292.45,102,3053080.39,29932.16,10642,6135489.76,576.54
4,2006,11077,3830099.57,345.77,90,2521280.08,28014.22,11167,6351379.65,568.76
5,2006,14904,4780829.49,320.77,254,6472316.55,25481.56,15158,11253146.04,742.39
6,2006,11736,3848741.91,327.94,176,6747573.42,38338.49,11912,10596315.33,889.55
7,2006,9102,3567698.56,391.97,180,6136484.93,34091.58,9282,9704183.49,1045.48
8,2006,4303,1938880.69,450.59,233,7861893.31,33742.03,4536,9800774.00,2160.66
9,2006,8137,2694954.97,331.20,119,2400689.98,20173.87,8256,5095644.95,617.21
10,2006,8962,3092990.48,345.12,150,4764834.92,31765.57,9112,7857825.40,862.36
11,2006,11330,3612032.00,318.80,138,6471031.73,46891.53,11468,10083063.73,879.23
12,2006,9398,3171641.48,337.48,146,2774541.45,19003.71,9544,5946182.93,623.03
13,2006,8785,2674679.29,304.46,70,1859698.04,26567.11,8855,4534377.33,512.07
14,2006,4027,2145278.50,532.72,120,2699095.25,22492.46,4147,4844373.75,1168.16
15,2006,11516,4281162.41,371.76,166,3870928.77,23318.85,11682,8152091.18,697.83
16,2006,9179,3446536.45,375.48,96,1950710.72,20319.90,9275,5397247.17,581.91
17,2006,7419,2697533.61,363.60,48,463585.24,9658.03,7467,3161118.85,423.35
18,2006,3435,1614612.73,470.05,64,1875530.91,29305.17,3499,3490143.64,997.47
19,2006,4463,2239890.10,501.88,77,2680391.02,34810.27,4540,4920281.12,1083.76
20,2006,4891,3788103.03,774.50,414,9819345.87,23718.23,5305,13607448.90,2565.02
21,2006,7392,3193076.96,431.96,119,2149361.70,18061.86,7511,5342438.66,711.28
22,2006,5051,2928127.59,579.71,237,4478501.57,18896.63,5288,7406629.16,1400.65
23,2006,12042,3512533.76,291.69,182,6402323.62,35177.60,12224,9914857.38,811.10
24,2006,10737,3488066.98,324.86,133,3945195.12,29663.12,10870,7433262.10,683.83
25,2006,11088,5175816.55,466.79,146,3460938.79,23705.06,11234,8636755.34,768.80
26,2006,5158,1724138.16,334.26,187,6809669.17,36415.34,5345,8533807.33,1596.60
27,2006,3961,2893501.23,730.50,425,14280228.91,33600.54,4386,17173730.14,3915.58
28,2006,2405,1549366.15,644.23,316,12615511.61,39922.51,2721,14164877.76,5205.76
29,2006,9349,2602540.64,278.38,78,1408988.27,18063.95,9427,4011528.91,425.54
30,2006,4814,2176151.64,452.05,80,2651176.42,33139.71,4894,4827328.06,986.38
31,2006,10941,2907226.25,265.72,87,2825622.60,32478.42,11028,5732848.85,519.84
32,2006,6646,2449067.11,368.50,74,1583967.87,21404.97,6720,4033034.98,600.15
33,2006,7020,2178291.53,310.30,142,4251760.76,29941.98,7162,6430052.29,897.80
34,2006,7402,2462670.06,332.70,219,5649808.92,25798.21,7621,8112478.98,1064.49
35,2006,10249,3192321.56,311.48,149,4272789.45,28676.44,10398,7465111.01,717.94
36,2006,11793,3384172.69,286.96,97,2711119.21,27949.68,11890,6095291.90,512.64
37,2006,13236,4146816.68,313.30,200,7718694.64,38593.47,13436,11865511.32,883.11
38,2006,10392,3191060.05,307.07,140,5018122.94,35843.74,10532,8209182.99,779.45
39,2006,8524,3594828.24,421.73,96,3805156.08,39637.04,8620,7399984.32,858.47
40,2006,8326,3104206.30,372.83,134,4147716.29,30953.11,8460,7251922.59,857.20
41,2006,13699,5476859.43,399.80,167,4619794.69,27663.44,13866,10096654.12,728.16
42,2006,14418,5518487.51,382.75,107,3328208.83,31104.76,14525,8846696.34,609.07
43,2006,9009,2877559.96,319.41,101,2843637.68,28154.83,9110,5721197.64,628.01
44,2006,15309,4970062.13,324.65,63,1499351.86,23799.24,15372,6469413.99,420.86
1,2005,8078,3630092.74,449.38,155,5312727.04,34275.66,8233,8942819.78,1086.22
2,2005,10100,4092565.11,405.20,246,10965281.94,44574.32,10346,15057847.05,1455.43
3,2005,10523,3386374.64,321.81,102,3098154.01,30374.06,10625,6484528.65,610.31
4,2005,11057,4227467.93,382.33,89,2602035.05,29236.35,11146,6829502.98,612.73
5,2005,14747,5286861.83,358.50,250,5921685.42,23686.74,14997,11208547.25,747.39
6,2005,11692,4109725.95,351.50,173,7312282.66,42267.53,11865,11422008.61,962.66
7,2005,9081,3727246.72,410.44,184,5881167.29,31962.87,9265,9608414.01,1037.07
8,2005,4189,1967712.34,469.73,235,7529698.44,32041.27,4424,9497410.78,2146.79
9,2005,8131,2844764.44,349.87,120,3613629.00,30113.58,8251,6458393.44,782.74
10,2005,8969,3215100.26,358.47,150,5068615.33,33790.77,9119,8283715.59,908.40
11,2005,11318,3851431.98,340.29,135,7491410.14,55491.93,11453,11342842.12,990.38
12,2005,9401,3347547.57,356.08,147,3406458.10,23173.18,9548,6754005.67,707.37
13,2005,8736,2846544.18,325.84,70,1875562.76,26793.75,8806,4722106.94,536.24
14,2005,3959,2272673.61,574.05,119,2710514.83,22777.44,4078,4983188.44,1221.97
15,2005,11505,4436249.00,385.59,169,3896374.35,23055.47,11674,8332623.35,713.78
16,2005,9146,3521582.91,385.04,96,1689565.64,17599.64,9242,5211148.55,563.86
17,2005,7362,2808098.87,381.43,45,506447.12,11254.38,7407,3314545.99,447.49
18,2005,3370,1718739.00,510.01,62,2018937.62,32563.51,3432,3737676.62,1089.07
19,2005,4337,2356554.94,543.36,74,2601402.61,35154.09,4411,4957957.55,1124.00
20,2005,4829,3999031.08,828.13,408,10300004.56,25245.11,5237,14299035.64,2730.39
21,2005,7379,3330169.74,451.30,118,1877305.45,15909.37,7497,5207475.19,694.61
22,2005,5004,3032360.19,605.99,236,4453565.87,18871.04,5240,7485926.06,1428.61
23,2005,12075,3594885.04,297.71,176,6024416.21,34229.64,12251,9619301.25,785.18
24,2005,10751,3573239.87,332.36,128,3767803.19,29435.96,10879,7341043.06,674.79
25,2005,11086,5519547.17,497.88,146,3506752.55,24018.85,11232,9026299.72,803.62
26,2005,5173,1816338.36,351.12,188,6768972.83,36005.17,5361,8585311.19,1601.44
27,2005,3941,3158101.26,801.35,421,13696517.97,32533.30,4362,16854619.23,3863.97
28,2005,2374,1696888.15,714.78,313,12860529.05,41087.95,2687,14557417.20,5417.72
29,2005,9337,2687530.02,287.84,76,1370233.68,18029.39,9413,4057763.70,431.08
30,2005,4669,2215757.35,474.57,81,2788173.69,34421.90,4750,5003931.04,1053.46
31,2005,10918,2860476.32,262.00,84,2883659.36,34329.28,11002,5744135.68,522.10
32,2005,6492,2603254.23,400.99,73,1924728.37,26366.14,6565,4527982.60,689.72
33,2005,7020,2282877.80,325.20,140,4633950.69,33099.65,7160,6916828.49,966.04
34,2005,7403,2654946.88,358.63,225,5291442.78,23517.52,7628,7946389.66,1041.74
35,2005,10257,3444554.90,335.82,151,4305619.71,28514.04,10408,7750174.61,744.64
36,2005,11787,3596160.22,305.10,98,2434515.10,24841.99,11885,6030675.32,507.42
37,2005,13166,4401564.15,334.31,206,7208725.34,34993.81,13372,11610289.49,868.25
38,2005,10272,3448461.86,335.71,154,4915282.88,31917.42,10426,8363744.74,802.20
39,2005,8529,3779602.13,443.15,96,3687922.42,38415.86,8625,7467524.55,865.80
40,2005,8337,3265457.97,391.68,135,4280606.46,31708.20,8472,7546064.43,890.71
41,2005,13702,5938352.96,433.39,165,4668211.25,28292.19,13867,10606564.21,764.88
42,2005,14058,5666807.69,403.10,108,3253119.53,30121.48,14166,8919927.22,629.67
43,2005,8982,3034303.25,337.82,102,2936119.30,28785.48,9084,5970422.55,657.25
44,2005,15212,5264685.13,346.09,66,1646781.48,24951.23,15278,6911466.61,452.38
1,2004,8077,3551394.98,439.69,153,4835983.76,31607.74,8230,8387378.74,1019.12
2,2004,10078,3954258.78,392.37,244,10341675.85,42383.92,10322,14295934.63,1385.00
3,2004,10484,3163690.48,301.76,102,3114784.24,30537.10,10586,6278474.72,593.09
4,2004,11021,3842080.25,348.61,88,2506535.00,28483.35,11109,6348615.25,571.48
5,2004,14596,4975118.01,340.85,250,6376324.06,25505.30,14846,11351442.07,764.61
6,2004,11654,4072181.84,349.42,173,6502211.40,37585.04,11827,10574393.24,894.09
7,2004,9081,3882283.92,427.52,194,7594950.23,39149.23,9275,11477234.15,1237.44
8,2004,3966,1961138.79,494.49,233,7896086.87,33888.78,4199,9857225.66,2347.52
9,2004,8126,2757895.16,339.39,119,2831404.51,23793.32,8245,5589299.67,677.90
10,2004,8943,3207726.30,358.69,156,5136071.33,32923.53,9099,8343797.63,917.00
11,2004,11220,3730042.87,332.45,139,6976651.24,50191.74,11359,10706694.11,942.57
12,2004,9382,3261225.14,347.60,150,2960770.17,19738.47,9532,6221995.31,652.75
13,2004,8657,2792576.61,322.58,69,3052492.81,44239.03,8726,5845069.42,669.85
14,2004,3830,2259925.35,590.06,118,3775892.41,31999.09,3948,6035817.76,1528.83
15,2004,11406,4422035.19,387.69,174,4035463.57,23192.32,11580,8457498.76,730.35
16,2004,8951,3334183.36,372.49,96,1765335.40,18388.91,9047,5099518.76,563.67
17,2004,7255,2780242.68,383.22,46,500806.37,10887.10,7301,3281049.05,449.40
18,2004,3308,1658752.26,501.44,59,2095813.00,35522.25,3367,3754565.26,1115.11
19,2004,4233,2285534.58,539.93,72,1502300.96,20865.29,4305,3787835.54,879.87
20,2004,4742,4003575.52,844.28,400,10066699.90,25166.75,5142,14070275.42,2736.34
21,2004,7315,3190057.33,436.10,118,2154013.95,18254.36,7433,5344071.28,718.97
22,2004,4858,2913362.86,599.70,235,5563522.27,23674.56,5093,8476885.13,1664.42
23,2004,12008,3551419.90,295.75,169,5276809.15,31223.72,12177,8828229.05,724.99
24,2004,10748,3579613.35,333.05,129,4903887.97,38014.64,10877,8483501.32,779.95
25,2004,11009,5153584.60,468.12,144,3046820.02,21158.47,11153,8200404.62,735.26
26,2004,5158,1715407.80,332.57,190,7033713.61,37019.55,5348,8749121.41,1635.96
27,2004,3894,3097787.24,795.53,414,12663124.03,30587.26,4308,15760911.27,3658.52
28,2004,2312,1626008.59,703.29,310,13051018.69,42100.06,2622,14677027.28,5597.65
29,2004,9256,2554390.50,275.97,77,1332960.10,17311.17,9333,3887350.60,416.52
30,2004,4519,2153146.01,476.47,79,2711422.60,34321.81,4598,4864568.61,1057.97
31,2004,10877,2850611.11,262.08,86,2138623.23,24867.71,10963,4989234.34,455.10
32,2004,6258,2450414.59,391.57,73,1984202.93,27180.86,6331,4434617.52,700.46
33,2004,7023,2291226.28,326.25,141,4236168.17,30043.75,7164,6527394.45,911.14
34,2004,7374,2503326.80,339.48,225,5486505.04,24384.47,7599,7989831.84,1051.43
35,2004,10211,3374761.78,330.50,150,4354434.29,29029.56,10361,7729196.07,745.99
36,2004,11740,3443770.64,293.34,98,2476580.95,25271.23,11838,5920351.59,500.11
37,2004,13131,4371514.44,332.92,207,6706826.25,32400.13,13338,11078340.69,830.58
38,2004,10229,3291270.76,321.76,155,4800993.92,30974.15,10384,8092264.68,779.30
39,2004,8521,3713746.02,435.83,95,3534439.24,37204.62,8616,7248185.26,841.25
40,2004,8310,3248532.47,390.92,134,4065344.60,30338.39,8444,7313877.07,866.16
41,2004,13689,5747578.13,419.87,161,4385114.76,27236.74,13850,10132692.89,731.60
42,2004,13165,5244941.15,398.40,108,3377727.89,31275.26,13273,8622669.04,649.64
43,2004,8828,2989520.62,338.64,102,3171074.48,31088.97,8930,6160595.10,689.88
44,2004,15128,4986373.51,329.61,63,2925055.64,46429.45,15191,7911429.15,520.80
1,2003,8070,3779492.76,468.34,151,4813637.15,31878.39,8221,8593129.91,1045.27
2,2003,10064,4135291.27,410.90,246,11851450.30,48176.63,10310,15986741.57,1550.61
3,2003,10468,3307145.22,315.93,101,3256852.31,32246.06,10569,6563997.53,621.06
4,2003,10960,3975470.58,362.73,88,2603151.28,29581.26,11048,6578621.86,595.46
5,2003,14536,5136071.23,353.33,252,6226458.58,24708.17,14788,11362529.81,768.36
6,2003,11495,4209286.45,366.18,172,5224753.37,30376.47,11667,9434039.82,808.61
7,2003,9080,3968846.72,437.10,194,5747115.76,29624.31,9274,9715962.48,1047.66
8,2003,3953,2066471.83,522.76,231,6965466.59,30153.54,4184,9031938.42,2158.69
9,2003,8118,2899710.56,357.20,121,2331906.66,19271.96,8239,5231617.22,634.98
10,2003,8925,3221721.68,360.98,155,4891485.55,31557.97,9080,8113207.23,893.53
11,2003,11208,3747253.83,334.34,141,6972319.96,49449.08,11349,10719573.79,944.54
12,2003,9362,3232269.70,345.25,154,3452954.74,22421.78,9516,6685224.44,702.52
13,2003,8524,2722073.88,319.34,69,1955981.52,28347.56,8593,4678055.40,544.40
14,2003,3711,2200571.20,592.99,116,2836717.48,24454.46,3827,5037288.68,1316.25
15,2003,11374,4485455.00,394.36,176,3140655.97,17844.64,11550,7626110.97,660.27
16,2003,8672,3283330.78,378.61,94,1908539.56,20303.61,8766,5191870.34,592.27
17,2003,7114,2736032.46,384.60,45,510394.06,11342.09,7159,3246426.52,453.47
18,2003,3211,1667171.35,519.21,60,1953582.09,32559.70,3271,3620753.44,1106.93
19,2003,4071,2267930.34,557.09,69,2428361.92,35193.65,4140,4696292.26,1134.37
20,2003,4620,4059475.19,878.67,394,9678847.82,24565.60,5014,13738323.01,2739.99
21,2003,7265,3220803.33,443.33,118,2593544.72,21979.19,7383,5814348.05,787.53
22,2003,4722,2825103.05,598.29,231,5030586.03,21777.43,4953,7855689.08,1586.05
23,2003,11933,3627606.24,304.00,165,5639752.75,34180.32,12098,9267358.99,766.02
24,2003,10755,3761940.10,349.79,126,3680262.88,29208.44,10881,7442202.98,683.96
25,2003,10868,5200685.49,478.53,145,3099280.81,21374.35,11013,8299966.30,753.65
26,2003,5152,1751729.13,340.01,189,6757987.31,35756.55,5341,8509716.44,1593.28
27,2003,3808,2989323.71,785.01,407,13556832.16,33309.17,4215,16546155.87,3925.54
28,2003,2278,1633035.65,716.87,308,12540418.30,40715.64,2586,14173453.95,5480.84
29,2003,9176,2610976.77,284.54,78,1460402.28,18723.11,9254,4071379.05,439.96
30,2003,4336,2146093.10,494.95,78,2559957.54,32819.97,4414,4706050.64,1066.16
31,2003,10840,2971923.83,274.16,86,2476928.96,28801.50,10926,5448852.79,498.71
32,2003,6018,2431887.22,404.10,72,1957529.49,27187.91,6090,4389416.71,720.76
33,2003,7019,2426142.89,345.65,140,5124463.58,36603.31,7159,7550606.47,1054.70
34,2003,7339,2547997.98,347.19,220,5258652.13,23902.96,7559,7806650.11,1032.76
35,2003,10185,3372911.88,331.16,147,4253265.70,28933.78,10332,7626177.58,738.11
36,2003,11702,3474978.09,296.96,98,2499742.79,25507.58,11800,5974720.88,506.33
37,2003,13029,4325481.55,331.99,205,7014625.36,34217.68,13234,11340106.91,856.89
38,2003,10197,3316702.13,325.26,156,4849064.13,31083.74,10353,8165766.26,788.73
39,2003,8498,3800482.49,447.22,95,2834500.78,29836.85,8593,6634983.27,772.14
40,2003,8289,3278722.41,395.55,134,4243181.28,31665.53,8423,7521903.69,893.02
41,2003,13664,5892167.58,431.22,158,4312683.88,27295.47,13822,10204851.46,738.30
42,2003,11784,5073555.14,430.55,109,3084193.41,28295.35,11893,8157748.55,685.93
43,2003,8764,2975711.15,339.54,104,3202464.04,30792.92,8868,6178175.19,696.68
44,2003,15052,5160202.73,342.83,62,1614520.63,26040.66,15114,6774723.36,448.24
1,2002,8064,3991847.99,495.02,147,4604384.49,31322.34,8211,8596232.48,1046.92
2,2002,10054,4362157.28,433.87,243,12598106.17,51844.06,10297,16960263.45,1647.11
3,2002,10459,3581242.08,342.41,100,3255895.48,32558.95,10559,6837137.56,647.52
4,2002,10932,4347650.55,397.70,88,2804323.89,31867.32,11020,7151974.44,649.00
5,2002,14394,5472375.40,380.18,249,5750379.57,23093.89,14643,11222754.97,766.42
6,2002,11300,4429326.04,391.98,172,6848733.59,39818.22,11472,11278059.63,983.09
7,2002,8986,4223519.43,470.01,201,6288497.67,31286.06,9187,10512017.10,1144.23
8,2002,3947,2211667.03,560.34,231,7902716.04,34210.89,4178,10114383.07,2420.87
9,2002,8107,2980711.31,367.67,119,2755096.80,23152.07,8226,5735808.11,697.28
10,2002,8893,3355013.90,377.26,154,5040297.61,32729.21,9047,8395311.51,927.97
11,2002,11171,3902078.95,349.30,143,7017162.89,49071.07,11314,10919241.84,965.11
12,2002,9289,3403617.51,366.41,156,4307251.58,27610.59,9445,7710869.09,816.40
13,2002,8362,2838445.72,339.45,69,2008038.91,29102.01,8431,4846484.63,574.84
14,2002,3530,2253768.74,638.46,115,3110460.18,27047.48,3645,5364228.92,1471.67
15,2002,11352,4734816.73,417.09,171,3928374.31,22972.95,11523,8663191.04,751.82
16,2002,8450,3390932.55,401.29,94,1864813.17,19838.44,8544,5255745.72,615.14
17,2002,6896,2787302.36,404.19,42,494924.91,11783.93,6938,3282227.27,473.08
18,2002,3005,1682642.76,559.95,60,2137004.60,35616.74,3065,3819647.36,1246.21
19,2002,3778,2198579.10,581.94,67,2737181.85,40853.46,3845,4935760.95,1283.68
20,2002,4456,4163916.26,934.45,387,10038725.46,25939.86,4843,14202641.72,2932.61
21,2002,7184,3415673.22,475.46,116,2261338.13,19494.29,7300,5677011.35,777.67
22,2002,4568,2965098.92,649.10,230,5050478.66,21958.60,4798,8015577.58,1670.61
23,2002,11880,3753646.87,315.96,157,4905792.55,31247.09,12037,8659439.42,719.40
24,2002,10752,3870399.77,359.97,120,3304821.54,27540.18,10872,7175221.31,659.97
25,2002,10742,5481161.93,510.26,146,2696010.53,18465.83,10888,8177172.46,751.03
26,2002,5143,1833365.20,356.48,186,7452788.93,40068.76,5329,9286154.13,1742.57
27,2002,3713,3184732.17,857.72,403,14393689.65,35716.35,4116,17578421.82,4270.75
28,2002,2200,1749713.04,795.32,307,13597221.75,44290.62,2507,15346934.79,6121.63
29,2002,9094,2757511.02,303.22,78,1734765.31,22240.58,9172,4492276.33,489.78
30,2002,4140,2270803.15,548.50,79,2852228.64,36104.16,4219,5123031.79,1214.28
31,2002,10816,3185277.43,294.50,86,4205765.12,48904.25,10902,7391042.55,677.95
32,2002,5723,2490761.48,435.22,71,1649786.16,23236.42,5794,4140547.64,714.63
33,2002,6993,2553483.20,365.15,138,5537763.71,40128.72,7131,8091246.91,1134.66
34,2002,7198,2685148.39,373.04,224,6182697.42,27601.33,7422,8867845.81,1194.81
35,2002,10170,3527503.75,346.85,148,4531846.35,30620.58,10318,8059350.10,781.10
36,2002,11699,3695356.95,315.87,100,2691833.94,26918.34,11799,6387190.89,541.33
37,2002,12883,4645528.99,360.59,207,7108095.29,34338.62,13090,11753624.28,897.91
38,2002,10203,3609298.85,353.75,155,4877680.41,31468.91,10358,8486979.26,819.36
39,2002,8428,3850406.49,456.86,96,3753311.44,39096.99,8524,7603717.93,892.04
40,2002,8276,3426396.43,414.02,131,4388893.51,33503.00,8407,7815289.94,929.62
41,2002,13573,6101758.88,449.55,157,4681997.95,29821.64,13730,10783756.83,785.42
42,2002,10499,5112243.85,486.93,108,3199603.09,29625.95,10607,8311846.94,783.62
43,2002,8761,3258437.38,371.93,104,3562797.20,34257.67,8865,6821234.58,769.46
44,2002,14918,5491161.23,368.09,61,1694268.61,27774.90,14979,7185429.84,479.70
1,2001,8051,3982505.48,494.66,148,5137828.92,34715.06,8199,9120334.40,1112.37
2,2001,9998,4335026.95,433.59,242,13222408.19,54638.05,10240,17557435.14,1714.59
3,2001,10391,3521972.06,338.94,98,3269956.77,33366.91,10489,6791928.83,647.53
4,2001,10896,4218445.20,387.16,87,2763154.30,31760.39,10983,6981599.50,635.67
5,2001,14340,5369122.73,374.42,248,5778688.49,23301.16,14588,11147811.22,764.18
6,2001,11251,4353744.50,386.97,171,6363879.78,37215.67,11422,10717624.28,938.33
7,2001,8983,4266214.24,474.92,204,6917241.70,33908.05,9187,11183455.94,1217.31
8,2001,3943,2227012.66,564.80,234,8186967.04,34987.04,4177,10413979.70,2493.17
9,2001,8091,3016090.27,372.77,120,3132450.01,26103.75,8211,6148540.28,748.82
10,2001,8877,3349336.72,377.31,154,5255673.27,34127.75,9031,8605009.99,952.83
11,2001,10976,3976244.28,362.27,145,7013373.19,48368.09,11121,10989617.47,988.19
12,2001,9187,3408009.87,370.96,154,4331184.60,28124.58,9341,7739194.47,828.52
13,2001,8199,2855653.43,348.29,67,1951874.25,29132.45,8266,4807527.68,581.60
14,2001,3355,2209854.06,658.67,114,3035546.36,26627.60,3469,5245400.42,1512.08
15,2001,11341,4655013.85,410.46,175,4222881.71,24130.75,11516,8877895.56,770.92
16,2001,8218,3281419.25,399.30,91,1906024.72,20945.33,8309,5187443.97,624.32
17,2001,6631,2741221.43,413.39,45,543347.07,12074.38,6676,3284568.50,492.00
18,2001,2721,1696694.63,623.56,62,2075908.65,33482.40,2783,3772603.28,1355.59
19,2001,3593,2229859.27,620.61,65,1949654.69,29994.69,3658,4179513.96,1142.57
20,2001,4338,4163582.89,959.79,378,9270112.71,24524.11,4716,13433695.60,2848.54
21,2001,7088,3404241.99,480.28,117,2104340.59,17985.82,7205,5508582.58,764.55
22,2001,4452,2992594.81,672.19,222,4831411.16,21763.11,4674,7824005.97,1673.94
23,2001,11825,3726867.84,315.17,149,4598113.35,30859.82,11974,8324981.19,695.25
24,2001,10748,3894799.43,362.37,124,4003328.08,32284.90,10872,7898127.51,726.47
25,2001,10598,5435196.02,512.85,146,3720898.28,25485.60,10744,9156094.30,852.21
26,2001,5085,1806286.49,355.22,187,7590589.95,40591.39,5272,9396876.44,1782.41
27,2001,3606,3232145.02,896.32,397,14586586.20,36742.03,4003,17818731.22,4451.34
28,2001,2152,1811014.53,841.55,306,13317236.79,43520.38,2458,15128251.32,6154.70
29,2001,9000,2843662.34,315.96,77,1610139.61,20910.90,9077,4453801.95,490.67
30,2001,3944,2275112.21,576.85,80,3037848.50,37973.11,4024,5312960.71,1320.32
31,2001,10764,3114919.49,289.38,86,3471284.72,40363.78,10850,6586204.21,607.02
32,2001,5310,2442112.63,459.91,70,1532422.81,21891.75,5380,3974535.44,738.76
33,2001,6924,2515765.46,363.34,140,5799967.78,41428.34,7064,8315733.24,1177.20
34,2001,7083,2735779.05,386.25,228,6192886.44,27161.78,7311,8928665.49,1221.26
35,2001,10149,3546581.75,349.45,148,4266433.70,28827.25,10297,7813015.45,758.77
36,2001,11634,3749972.70,322.33,100,2920641.33,29206.41,11734,6670614.03,568.49
37,2001,12887,4721186.00,366.35,206,7392671.64,35886.76,13093,12113857.64,925.22
38,2001,10191,3688273.46,361.91,155,4859368.55,31350.76,10346,8547642.01,826.18
39,2001,8260,3796278.60,459.60,96,3600344.00,37503.58,8356,7396622.60,885.19
40,2001,8159,3380221.02,414.29,130,4376502.91,33665.41,8289,7756723.93,935.79
41,2001,13519,5980259.09,442.36,157,4466534.04,28449.26,13676,10446793.13,763.88
42,2001,10374,5014602.03,483.38,110,3288797.05,29898.16,10484,8303399.08,792.01
43,2001,8743,3309385.92,378.52,105,3564434.76,33947.00,8848,6873820.68,776.88
44,2001,14752,5382330.58,364.85,60,1466866.20,24447.77,14812,6849196.78,462.41
1,2000,8001,3205059.95,400.58,148,4730288.41,31961.41,8149,7935348.36,973.78
2,2000,9909,3567370.52,360.01,245,12607962.50,51461.07,10154,16175333.02,1593.00
3,2000,10389,2821739.38,271.61,97,3094197.21,31898.94,10486,5915936.59,564.17
4,2000,10869,3425158.76,315.13,87,2194651.12,25225.87,10956,5619809.88,512.94
5,2000,14321,4395553.77,306.93,240,5427934.05,22616.39,14561,9823487.82,674.64
6,2000,11071,3366132.21,304.05,171,5715486.11,33423.90,11242,9081618.32,807.83
7,2000,8960,3883303.66,433.40,207,6436735.19,31095.34,9167,10320038.85,1125.78
8,2000,3939,2062795.75,523.69,233,7149130.68,30682.96,4172,9211926.43,2208.04
9,2000,8067,2836868.01,351.66,118,2739060.44,23212.38,8185,5575928.45,681.24
10,2000,8862,3174900.50,358.26,151,4727567.51,31308.39,9013,7902468.01,876.79
11,2000,10543,3691579.18,350.15,143,6087812.56,42572.12,10686,9779391.74,915.16
12,2000,8989,3245173.21,361.02,148,3406889.76,23019.53,9137,6652062.97,728.04
13,2000,8152,2462327.65,302.05,66,1785840.13,27058.18,8218,4248167.78,516.93
14,2000,3236,2063165.67,637.57,114,2821457.41,24749.63,3350,4884623.08,1458.10
15,2000,11275,4484968.21,397.78,175,3976573.18,22723.28,11450,8461541.39,739.00
16,2000,8030,2935912.02,365.62,89,1598742.85,17963.40,8119,4534654.87,558.52
17,2000,6501,2546205.08,391.66,46,431529.17,9381.07,6547,2977734.25,454.82
18,2000,2596,1402932.34,540.42,64,2232576.68,34884.01,2660,3635509.02,1366.73
19,2000,3450,1846965.17,535.35,65,1757347.43,27036.11,3515,3604312.60,1025.41
20,2000,4271,3890044.20,910.80,375,9032300.48,24086.13,4646,12922344.68,2781.39
21,2000,7043,3096088.00,439.60,116,2123911.99,18309.59,7159,5219999.99,729.15
22,2000,4316,2493404.86,577.71,220,4410367.44,20047.12,4536,6903772.30,1522.00
23,2000,11695,3526996.38,301.58,148,3908334.40,26407.66,11843,7435330.78,627.82
24,2000,10734,3675180.44,342.39,124,3316169.37,26743.30,10858,6991349.81,643.89
25,2000,10511,4875388.40,463.84,140,3220184.49,23001.32,10651,8095572.89,760.08
26,2000,4986,1469528.74,294.73,185,7520206.14,40649.76,5171,8989734.88,1738.49
27,2000,3542,2755854.55,778.05,395,13212781.65,33450.08,3937,15968636.20,4056.04
28,2000,2102,1611191.79,766.50,304,12809217.54,42135.58,2406,14420409.33,5993.52
29,2000,8954,2539488.22,283.61,77,1700882.36,22089.38,9031,4240370.58,469.53
30,2000,3769,2047148.66,543.15,79,2480385.05,31397.28,3848,4527533.71,1176.59
31,2000,10582,3067303.26,289.86,86,3432887.87,39917.30,10668,6500191.13,609.32
32,2000,5058,2063263.01,407.92,68,1200986.48,17661.57,5126,3264249.49,636.80
33,2000,6924,2406653.15,347.58,139,4764942.80,34280.16,7063,7171595.95,1015.38
34,2000,7016,2500717.68,356.43,225,5447031.72,24209.03,7241,7947749.40,1097.60
35,2000,10039,3290976.88,327.82,143,4155143.64,29056.95,10182,7446120.52,731.30
36,2000,11588,3295532.79,284.39,97,2732508.34,28170.19,11685,6028041.13,515.88
37,2000,12872,4346878.90,337.70,201,7807391.29,38842.74,13073,12154270.19,929.72
38,2000,10098,3144489.27,311.40,151,4587831.57,30382.99,10249,7732320.84,754.45
39,2000,8211,3446169.21,419.70,96,3443096.61,35865.59,8307,6889265.82,829.33
40,2000,7849,3018119.26,384.52,133,3873348.37,29122.92,7982,6891467.63,863.38
41,2000,13500,5254697.14,389.24,154,3836733.65,24913.85,13654,9091430.79,665.84
42,2000,10083,4288385.32,425.31,113,3034294.41,26852.16,10196,7322679.73,718.19
43,2000,8715,2743570.84,314.81,104,2945428.69,28321.43,8819,5688999.53,645.08
44,2000,14493,4484791.72,309.45,58,1502354.03,25902.66,14551,5987145.75,411.46